{
    "local outlier factor": {
        "metrics_final": {
            "DE": [
                [
                    5.037875114788876,
                    4.936027836457503,
                    4.84293341734817,
                    4.847476452858752,
                    4.955741393500501,
                    4.643990640759149,
                    4.5997020675531575,
                    4.7358352348224315,
                    4.579626900987977,
                    4.719751929381544,
                    4.631307486503745,
                    4.509362854821303,
                    4.488157088619611,
                    4.551317436951756,
                    4.568712881586306,
                    4.479260465391695,
                    4.619320839787706
                ],
                [
                    0.34382923297894025,
                    0.28040673191070625,
                    0.18784378210429653,
                    0.2154652107071978,
                    0.2872160990180979,
                    0.192716283146229,
                    0.25556923391216696,
                    0.2960625996929694,
                    0.22849657579174656,
                    0.2213883303329297,
                    0.2549181958457426,
                    0.20332422957038213,
                    0.27006999779610913,
                    0.22784238051299796,
                    0.17832258544864385,
                    0.3958468904052849,
                    0.21898676461238178
                ]
            ],
            "DiffE": [
                [
                    10.660952060402478,
                    11.08866713045105,
                    12.382480608788718,
                    12.944065767335923,
                    12.283148435330393,
                    11.310270866941767,
                    11.961408360172468,
                    12.911372113834968,
                    13.51046828558081,
                    12.924547230486777,
                    11.994721329861187,
                    10.766137018715664,
                    13.160613367561094,
                    13.541947328003118,
                    12.187591017486005,
                    13.620133960657864,
                    12.844629856789174
                ],
                [
                    4.289554074811051,
                    1.156823786872475,
                    1.6604976874950006,
                    0.8615589115053123,
                    2.931785370067542,
                    3.3462257555223305,
                    1.0974928394394514,
                    0.8315930480968765,
                    1.5352738520136837,
                    1.94901307943348,
                    3.165125590837835,
                    3.510700178213568,
                    0.692621975141875,
                    0.94518272669947,
                    3.8992682374406096,
                    1.0441859978280406,
                    3.252802680556376
                ]
            ]
        },
        "average_list": [
            [
                [
                    [
                        1.4811924690669667
                    ]
                ],
                [
                    [
                        0.43505365788494305
                    ]
                ],
                [
                    [
                        0.21970069893769475
                    ]
                ]
            ],
            [
                [
                    [
                        1.5885578902476085
                    ]
                ],
                [
                    [
                        1.4080675934097087
                    ]
                ],
                [
                    [
                        0.2676468204860319
                    ]
                ]
            ],
            [
                [
                    [
                        1.6469513474412738
                    ]
                ],
                [
                    [
                        0.5464478069291442
                    ]
                ],
                [
                    [
                        0.41553791108645866
                    ]
                ]
            ],
            [
                [
                    [
                        1.7119628762593033
                    ]
                ],
                [
                    [
                        0.9115105112449272
                    ]
                ],
                [
                    [
                        0.40766203840434023
                    ]
                ]
            ],
            [
                [
                    [
                        1.6536772501614863
                    ]
                ],
                [
                    [
                        0.6509442547017698
                    ]
                ],
                [
                    [
                        0.37709280742376367
                    ]
                ]
            ],
            [
                [
                    [
                        1.6046875219392451
                    ]
                ],
                [
                    [
                        0.5567206822960037
                    ]
                ],
                [
                    [
                        0.37580986311176784
                    ]
                ]
            ],
            [
                [
                    [
                        1.6946568964382465
                    ]
                ],
                [
                    [
                        0.5271585075136932
                    ]
                ],
                [
                    [
                        0.40221656427560937
                    ]
                ]
            ],
            [
                [
                    [
                        1.445017335348271
                    ]
                ],
                [
                    [
                        0.5325468998690305
                    ]
                ],
                [
                    [
                        0.3578727897396503
                    ]
                ]
            ],
            [
                [
                    [
                        1.5568747478304024
                    ]
                ],
                [
                    [
                        0.6388585959495379
                    ]
                ],
                [
                    [
                        0.3107628654644892
                    ]
                ]
            ],
            [
                [
                    [
                        1.6112856176280823
                    ]
                ],
                [
                    [
                        0.5261466554179682
                    ]
                ],
                [
                    [
                        0.31675521120445055
                    ]
                ]
            ],
            [
                [
                    [
                        1.5532277221127615
                    ]
                ],
                [
                    [
                        0.9615947756515029
                    ]
                ],
                [
                    [
                        0.3683041370223454
                    ]
                ]
            ],
            [
                [
                    [
                        1.5939730954898548
                    ]
                ],
                [
                    [
                        0.6833074913407868
                    ]
                ],
                [
                    [
                        0.39640762531514556
                    ]
                ]
            ],
            [
                [
                    [
                        1.4836950535492757
                    ]
                ],
                [
                    [
