{
    "Mixed Isolation Forest": {
        "metrics_final": {
            "DE": [
                [
                    0.9746505106567721,
                    0.9426831892554921,
                    0.9725896230034666,
                    1.3190748322506314,
                    1.4664499076837783,
                    2.1562161106693716,
                    3.0489453319783184,
                    3.421793428289466,
                    3.9619917110297487,
                    4.352319399353617,
                    4.593457419126056,
                    4.871910066079448,
                    5.264882350745695,
                    5.294566021840578,
                    5.340213740136341,
                    5.570992905800664,
                    5.635873160163554
                ],
                [
                    0.002616235836329301,
                    0.0,
                    0.057858791360651717,
                    0.4139242097116381,
                    0.5557541318952676,
                    0.8182369413997863,
                    0.6970161291030026,
                    0.6237232001983042,
                    0.608233361496388,
                    0.3144371742842815,
                    0.3993998245547012,
                    0.5037871740810769,
                    0.3316688521028664,
                    0.3030095693010725,
                    0.30918583326759447,
                    0.2199615553689038,
                    0.16552912902420266
                ]
            ],
            "DiffE": [
                [
                    7.064684491176849,
                    6.48570706139716,
                    8.765404338952647,
                    10.098422074228054,
                    8.839929931876046,
                    10.414690129319638,
                    10.399988214626074,
                    11.142879818949144,
                    10.529832813600194,
                    12.261568002912663,
                    11.258939335260475,
                    9.74115905897752,
                    11.620856516481787,
                    12.89534376960587,
                    12.893055700446988,
                    13.405591613859297,
                    15.295726246492759
                ],
                [
                    0.6676663204811873,
                    0.0,
                    1.867790860234221,
                    1.6318253632491444,
                    2.983129736603185,
                    1.229774839593231,
                    1.5050901059111113,
                    0.8688722787846288,
                    3.241761823703324,
                    1.1678715395086208,
                    2.90051441241846,
                    3.9834648491196805,
                    2.9975567570254524,
                    0.8384607468631761,
                    3.044138461400622,
                    1.6117752007640795,
                    3.4863888140467023
                ]
            ]
        },
        "average_list": [
            [
                [
                    [
                        0.19988316396654174
                    ]
                ],
                [
                    [
                        0.19242072750063435
                    ]
                ],
                [
                    [
                        0.01779965170099542
                    ]
                ]
            ],
            [
                [
                    [
                        NaN
                    ]
                ],
                [
                    [
                        NaN
                    ]
                ],
                [
                    [
                        NaN
                    ]
                ]
            ],
            [
                [
                    [
                        0.4590128914606054
                    ]
                ],
                [
                    [
                        0.0915084785562497
                    ]
                ],
                [
                    [
                        0.06104674863396518
                    ]
                ]
            ],
            [
                [
                    [
                        0.6080327862642402
                    ]
                ],
                [
                    [
                        0.19703597069321288
                    ]
                ],
                [
                    [
                        0.13000539338952544
                    ]
                ]
            ],
            [
                [
                    [
                        0.7125813153937058
                    ]
                ],
                [
                    [
                        0.1642275430328654
                    ]
                ],
                [
                    [
                        0.11318189666549251
                    ]
                ]
            ],
            [
                [
                    [
                        0.793130694078768
                    ]
                ],
                [
                    [
                        0.23690392022770604
                    ]
                ],
                [
                    [
                        0.12454455983667924
                    ]
                ]
            ],
            [
                [
                    [
                        0.8885328608798446
                    ]
                ],
                [
                    [
                        0.19442830177358433
                    ]
                ],
                [
                    [
                        0.16128776805961348
                    ]
                ]
            ],
            [
                [
                    [
                        0.8140440908721078
                    ]
                ],
                [
                    [
                        0.15211892135355182
                    ]
                ],
                [
                    [
                        0.10250613554976716
                    ]
                ]
            ],
            [
                [
                    [
                        1.0273356654297794
                    ]
                ],
                [
                    [
                        0.48493351874040935
                    ]
                ],
                [
                    [
                        0.24231991428490146
                    ]
                ]
            ],
            [
                [
                    [
                        1.0879299543030798
                    ]
                ],
                [
                    [
                        0.17406496621911494
                    ]
                ],
                [
                    [
                        0.1277040081655592
                    ]
                ]
            ],
            [
                [
                    [
                        1.2559107258085147
                    ]
                ],
                [
                    [
                        0.39662800472806337
                    ]
                ],
                [
                    [
                        0.15225074344563463
                    ]
                ]
            ],
            [
                [
                    [
                        1.2323812972625987
                    ]
                ],
                [
                    [
                        0.352096464014592
                    ]
                ],
                [
                    [
                        0.2092407364893191
                    ]
                ]
            ],
            [
                [
                    [
                        1.4310150457827393
                    ]
                ],
                [
                    [
                        0.23963403209033188
                    ]
