{
    "DE": 2.412005549291384,
    "DiffE": 8.041895280123494
}